consentId,version,statusCode,scenario
"7404e99b-1a4d-4b08-b441-c327661527f0","1.0",204,"No Content"
"7404e99b-1a4d-4b08-b441-c327661527f0","1.0",204,"No Content"
"7404e99b-1a4d-4b08-b441-c327881527f0","1.0",204,"No Content"
"432Rfg98Y04e99b-1a4d-4b08-b441-c327661527f0","1.0",204,"No Content"
"74e99b-1a4d-4b08-b441-c327661527f0","1.0",204,"No Content"
"7404e99b-1a4d-4b18-b441-c327661527f0","1.0",204,"No Content"
"7404e99b-1f4d-4b08-b441-c327261527f0","1.0",204,"No Content"
"7404e99b-1a4d-4b08-b441-c327661527f0","1.0",204,"No Content"
"7404e99b-1a4d-4b08-b441-c327661527f0","1.0",204,"No Content"
"7404e99b-1a4d-4b08-b441-c327661527f0","1.0",500,"No Content"